{
    "Name": "Anvil",
    "Description": "Use this to break geodes free of charge.",
    "Price": 15,
    "ProvidesLight": false,
    "Recipe":
    {
        "ResultCount": 1,
        "Ingredients": 
    [
        {
            "Object": 335,
            "Count": 10,
        },
        {
            "Object": 337,
            "Count": 10,
        },
        {
            "Object": 82,
            "Count": 5,
        },
        {
            "Object": 709,
            "Count": 5,
        },
    ],
        "CanPurchase": true,
        "PurchaseFrom": "Krobus",
        "PurchasePrice": 10000,
        "PurchaseRequirements": 
        [ 
        	"f Clint 1250", 
        	"e 191393"]
   }
}